{"cameraMode":{"drawMode":0,"name":"Shaded","section":"Shading Mode"},"sceneLighting":true,"audioPlay":false,"sceneViewState":{"showFog":true,"showMaterialUpdate":false,"showSkybox":true,"showFlares":true,"showImageEffects":true,"showParticleSystems":true},"in2DMode":false,"pivot":{"x":-1.4172477722167969,"y":-0.7400000095367432,"z":33.95642852783203},"rotation":{"x":0.3112422227859497,"y":0.0014254951383918524,"z":-0.00046686988207511604,"w":0.9503299593925476},"size":959.8123168945313,"orthographic":false}